FunctionName, Calculator,N,Init time (s), Calc.time(s), Calc.Freq(hz), Bytes, MaxError, FirstBlank, Err1, Err2, Err3, Blank
Smooth exp(-Ar^2-b*rho^2),DCT+Bessel+IDCT; on padded grid    ,8,0.006,82584,12108.9,8, 0.181673,,0.0259268,0.181673,0.152593,
Smooth exp(-Ar^2-b*rho^2),DCT+Bessel+IDCT; on padded grid    ,12,0.023,195121,5125.02,8, 0.0166351,,0.00145873,0.0166351,0.0164818,
Smooth exp(-Ar^2-b*rho^2),DCT+Bessel+IDCT; on padded grid    ,16,0.016,156415,6393.25,8, 0.00108391,,6.68458e-05,0.000767412,0.00108391,
Smooth exp(-Ar^2-b*rho^2),DCT+Bessel+IDCT; on padded grid    ,20,0.035,297560,3360.67,8, 2.09681e-05,,1.29618e-06,1.47861e-05,2.09681e-05,
Smooth exp(-Ar^2-b*rho^2),DCT+Bessel+IDCT; on padded grid    ,24,0.049,349083,2864.65,8, 1.23883e-07,,1.13263e-08,1.23883e-07,6.97342e-08,
Smooth exp(-Ar^2-b*rho^2),DCT+Bessel+IDCT; on padded grid    ,28,0.029,414481,2412.66,8, 5.69205e-10,,3.99197e-11,4.4694e-10,5.69205e-10,
Smooth exp(-Ar^2-b*rho^2),DCT+Bessel+IDCT; on padded grid    ,32,0.028,371235,2693.71,8, 1.50117e-11,,3.95946e-12,1.40709e-11,1.50117e-11,
Smooth exp(-Ar^2-b*rho^2),DCT+Bessel+IDCT; on padded grid    ,36,0.071,573675,1743.15,8, 2.07853e-11,,4.65597e-12,1.08872e-11,2.07853e-11,
Smooth exp(-Ar^2-b*rho^2),DCT+Bessel+IDCT; on padded grid    ,40,0.078,780322,1281.52,8, 2.66793e-11,,5.65679e-12,1.36235e-11,2.66793e-11,
Smooth exp(-Ar^2-b*rho^2),DCT+Bessel+IDCT; on padded grid    ,44,0.025,913811,1094.32,8, 2.15578e-11,,5.75708e-12,1.63605e-11,2.15578e-11,
Smooth exp(-Ar^2-b*rho^2),DCT+Bessel+IDCT; on padded grid    ,48,0.086,1.18188e+06,846.113,8, 1.48758e-11,,5.50474e-12,1.05049e-11,1.48758e-11,
Smooth exp(-Ar^2-b*rho^2),DCT+Bessel+IDCT; on padded grid    ,52,0.028,1.48478e+06,673.501,8, 2.09636e-11,,5.19224e-12,1.20098e-11,2.09636e-11,
Smooth exp(-Ar^2-b*rho^2),DCT+Bessel+IDCT; on padded grid    ,56,0.05,1.46561e+06,682.309,8, 2.42826e-11,,4.79729e-12,6.60378e-12,2.42826e-11,
Smooth exp(-Ar^2-b*rho^2),DCT+Bessel+IDCT; on padded grid    ,60,0.159,1.64049e+06,609.574,8, 2.43191e-11,,4.31028e-12,5.05335e-12,2.43191e-11,
Smooth exp(-Ar^2-b*rho^2),DCT+Bessel+IDCT; on padded grid    ,64,0.034,1.71185e+06,584.164,8, 1.38928e-11,,3.73464e-12,5.32101e-12,1.38928e-11,
Smooth exp(-Ar^2-b*rho^2),DCT+Bessel+IDCT; on padded grid    ,68,0.075,2.87131e+06,348.273,8, 1.98056e-11,,3.75133e-12,7.00668e-12,1.98056e-11,
Smooth exp(-Ar^2-b*rho^2),DCT+Bessel+IDCT; on padded grid    ,72,0.124,3.18182e+06,314.285,8, 2.31931e-11,,4.8142e-12,8.83463e-12,2.31931e-11,
Smooth exp(-Ar^2-b*rho^2),DCT+Bessel+IDCT; on padded grid    ,76,0.08,3.60018e+06,277.764,8, 2.44753e-11,,5.08978e-12,1.07739e-11,2.44753e-11,
Smooth exp(-Ar^2-b*rho^2),DCT+Bessel+IDCT; on padded grid    ,80,0.088,3.07654e+06,325.04,8, 1.50017e-11,,5.13585e-12,6.45184e-12,1.50017e-11,
Smooth exp(-Ar^2-b*rho^2),DCT+Bessel+IDCT; on padded grid    ,84,0.118,3.34039e+06,299.366,8, 1.71118e-11,,4.83056e-12,7.8663e-12,1.71118e-11,
Smooth exp(-Ar^2-b*rho^2),DCT+Bessel+IDCT; on padded grid    ,88,0.081,3.63178e+06,275.347,8, 2.1498e-11,,4.35992e-12,9.32728e-12,2.1498e-11,
Smooth exp(-Ar^2-b*rho^2),DCT+Bessel+IDCT; on padded grid    ,92,0.095,6.01932e+06,166.132,8, 2.46851e-11,,3.90434e-12,1.08226e-11,2.46851e-11,
Smooth exp(-Ar^2-b*rho^2),DCT+Bessel+IDCT; on padded grid    ,96,0.107,5.41163e+06,184.787,8, 2.20602e-11,,3.33474e-12,1.23371e-11,2.20602e-11,
Smooth exp(-Ar^2-b*rho^2),DCT+Bessel+IDCT; on padded grid    ,100,0.157,5.62696e+06,177.716,8, 1.38536e-11,,3.28584e-12,1.38536e-11,1.37238e-11,
Smooth exp(-Ar^2-b*rho^2),DCT+Bessel+IDCT; on padded grid    ,104,0.06,5.5272e+06,180.923,8, 1.94764e-11,,4.25833e-12,7.59357e-12,1.94764e-11,
Smooth exp(-Ar^2-b*rho^2),DCT+Bessel+IDCT; on padded grid    ,108,0.153,6.33773e+06,157.785,8, 2.20402e-11,,4.58879e-12,8.59466e-12,2.20402e-11,
Smooth exp(-Ar^2-b*rho^2),DCT+Bessel+IDCT; on padded grid    ,112,0.11,6.56113e+06,152.413,8, 2.24667e-11,,4.49584e-12,9.5764e-12,2.24667e-11,
Smooth exp(-Ar^2-b*rho^2),DCT+Bessel+IDCT; on padded grid    ,116,0.118,1.05946e+07,94.3875,8, 1.23982e-11,,4.33321e-12,1.05317e-11,1.23982e-11,
Smooth exp(-Ar^2-b*rho^2),DCT+Bessel+IDCT; on padded grid    ,120,0.172,8.00572e+06,124.911,8, 1.73142e-11,,3.97487e-12,1.14524e-11,1.73142e-11,
Smooth exp(-Ar^2-b*rho^2),DCT+Bessel+IDCT; on padded grid    ,124,0.113,1.18172e+07,84.6228,8, 1.93832e-11,,3.61009e-12,1.23334e-11,1.93832e-11,
Smooth exp(-Ar^2-b*rho^2),DCT+Bessel+IDCT; on padded grid    ,128,0.122,1.19507e+07,83.6773,8, 2.27579e-11,,3.11263e-12,1.31732e-11,2.27579e-11,
Smooth exp(-Ar^2-b*rho^2),DCT+Bessel+IDCT; on padded grid    ,132,0.146,1.05581e+07,94.714,8, 1.73683e-11,,2.8805e-12,4.72004e-12,1.73683e-11,
Smooth exp(-Ar^2-b*rho^2),DCT+Bessel+IDCT; on padded grid    ,136,0.173,1.32816e+07,75.2924,8, 1.51431e-11,,3.80732e-12,5.10731e-12,1.51431e-11,
Smooth exp(-Ar^2-b*rho^2),DCT+Bessel+IDCT; on padded grid    ,140,0.234,1.00459e+07,99.5433,8, 1.94427e-11,,4.09888e-12,5.59737e-12,1.94427e-11,
Smooth exp(-Ar^2-b*rho^2),DCT+Bessel+IDCT; on padded grid    ,144,0.151,1.10745e+07,90.2973,8, 2.00081e-11,,4.11966e-12,6.74738e-12,2.00081e-11,
Smooth exp(-Ar^2-b*rho^2),DCT+Bessel+IDCT; on padded grid    ,148,0.154,1.87202e+07,53.4183,8, 1.8304e-11,,3.90204e-12,7.93025e-12,1.8304e-11,
Smooth exp(-Ar^2-b*rho^2),DCT+Bessel+IDCT; on padded grid    ,152,0.195,1.70968e+07,58.4906,8, 1.30652e-11,,3.63575e-12,9.1379e-12,1.30652e-11,
Smooth exp(-Ar^2-b*rho^2),DCT+Bessel+IDCT; on padded grid    ,156,0.154,1.42366e+07,70.2416,8, 1.6791e-11,,3.19513e-12,1.03619e-11,1.6791e-11,
Smooth exp(-Ar^2-b*rho^2),DCT+Bessel+IDCT; on padded grid    ,160,0.161,1.47342e+07,67.8693,8, 2.01236e-11,,2.7695e-12,1.15983e-11,2.01236e-11,
Smooth exp(-Ar^2-b*rho^2),DCT+Bessel+IDCT; on padded grid    ,164,0.185,2.53091e+07,39.5115,8, 1.89602e-11,,2.59725e-12,4.971e-12,1.89602e-11,
Smooth exp(-Ar^2-b*rho^2),DCT+Bessel+IDCT; on padded grid    ,168,0.233,1.70235e+07,58.7425,8, 1.50301e-11,,3.43302e-12,5.89336e-12,1.50301e-11,
Smooth exp(-Ar^2-b*rho^2),DCT+Bessel+IDCT; on padded grid    ,172,0.204,2.73248e+07,36.5968,8, 1.42452e-11,,3.80401e-12,6.80893e-12,1.42452e-11,
Smooth exp(-Ar^2-b*rho^2),DCT+Bessel+IDCT; on padded grid    ,176,0.198,1.86282e+07,53.6821,8, 1.73302e-11,,3.74514e-12,7.71187e-12,1.73302e-11,
Smooth exp(-Ar^2-b*rho^2),DCT+Bessel+IDCT; on padded grid    ,180,0.37,1.89143e+07,52.87,8, 1.94071e-11,,3.60453e-12,8.59008e-12,1.94071e-11,
Smooth exp(-Ar^2-b*rho^2),DCT+Bessel+IDCT; on padded grid    ,184,0.225,2.68648e+07,37.2234,8, 1.63581e-11,,3.41132e-12,9.4485e-12,1.63581e-11,
Smooth exp(-Ar^2-b*rho^2),DCT+Bessel+IDCT; on padded grid    ,188,0.226,3.54001e+07,28.2485,8, 1.18595e-11,,3.03781e-12,1.0274e-11,1.18595e-11,
Smooth exp(-Ar^2-b*rho^2),DCT+Bessel+IDCT; on padded grid    ,192,0.28,2.32954e+07,42.927,8, 1.48367e-11,,2.67331e-12,1.10692e-11,1.48367e-11,
Smooth exp(-Ar^2-b*rho^2),DCT+Bessel+IDCT; on padded grid    ,196,0.127,3.6659e+07,27.2784,8, 1.97191e-11,,2.45715e-12,1.18259e-11,1.97191e-11,
Smooth exp(-Ar^2-b*rho^2),DCT+Bessel+IDCT; on padded grid    ,200,0.223,2.72027e+07,36.7611,8, 1.73438e-11,,3.17973e-12,1.25409e-11,1.73438e-11,
Smooth exp(-Ar^2-b*rho^2),DCT+Bessel+IDCT; on padded grid    ,204,0.413,3.93264e+07,25.4282,8, 1.23175e-11,,3.44727e-12,5.32163e-12,1.23175e-11,
Smooth exp(-Ar^2-b*rho^2),DCT+Bessel+IDCT; on padded grid    ,208,0.226,3.28385e+07,30.4521,8, 1.47729e-11,,3.60788e-12,6.24691e-12,1.47729e-11,
Smooth exp(-Ar^2-b*rho^2),DCT+Bessel+IDCT; on padded grid    ,212,0.315,6.12379e+07,16.3298,8, 1.69737e-11,,3.3677e-12,7.20535e-12,1.69737e-11,
Smooth exp(-Ar^2-b*rho^2),DCT+Bessel+IDCT; on padded grid    ,216,0.241,3.3017e+07,30.2874,8, 1.8065e-11,,3.23347e-12,8.19292e-12,1.8065e-11,
Smooth exp(-Ar^2-b*rho^2),DCT+Bessel+IDCT; on padded grid    ,220,0.281,3.4373e+07,29.0926,8, 1.39869e-11,,2.75684e-12,9.20925e-12,1.39869e-11,
Smooth exp(-Ar^2-b*rho^2),DCT+Bessel+IDCT; on padded grid    ,224,0.213,3.52668e+07,28.3553,8, 1.22619e-11,,2.44423e-12,3.54685e-12,1.22619e-11,
Smooth exp(-Ar^2-b*rho^2),DCT+Bessel+IDCT; on padded grid    ,228,0.479,4.77596e+07,20.9382,8, 1.42684e-11,,2.30761e-12,3.25908e-12,1.42684e-11,
Smooth exp(-Ar^2-b*rho^2),DCT+Bessel+IDCT; on padded grid    ,232,0.332,5.10064e+07,19.6054,8, 1.86005e-11,,3.06566e-12,3.98875e-12,1.86005e-11,
Smooth exp(-Ar^2-b*rho^2),DCT+Bessel+IDCT; on padded grid    ,236,0.341,6.35286e+07,15.741,8, 1.52752e-11,,3.37605e-12,4.8283e-12,1.52752e-11,
Smooth exp(-Ar^2-b*rho^2),DCT+Bessel+IDCT; on padded grid    ,240,0.474,4.71263e+07,21.2196,8, 9.95699e-12,,3.42314e-12,5.66822e-12,9.95699e-12,
Smooth exp(-Ar^2-b*rho^2),DCT+Bessel+IDCT; on padded grid    ,244,0.356,6.91303e+07,14.4654,8, 1.45242e-11,,3.23084e-12,6.50174e-12,1.45242e-11,
Smooth exp(-Ar^2-b*rho^2),DCT+Bessel+IDCT; on padded grid    ,248,0.329,5.42288e+07,18.4404,8, 1.59816e-11,,2.98534e-12,7.32717e-12,1.59816e-11,
Smooth exp(-Ar^2-b*rho^2),DCT+Bessel+IDCT; on padded grid    ,252,0.424,5.40756e+07,18.4926,8, 1.62578e-11,,2.7144e-12,8.13503e-12,1.62578e-11,
Smooth exp(-Ar^2-b*rho^2),DCT+Bessel+IDCT; on padded grid    ,256,0.254,4.21776e+07,23.7092,8, 1.45846e-11,,2.28723e-12,8.92421e-12,1.45846e-11,
Smooth exp(-Ar^2-b*rho^2),DCT+Bessel+IDCT; on padded grid    ,260,0.365,6.00338e+07,16.6573,8, 1.19855e-11,,2.15271e-12,9.6936e-12,1.19855e-11,
Smooth exp(-Ar^2-b*rho^2),DCT+Bessel+IDCT; on padded grid    ,264,0.394,5.22619e+07,19.1344,8, 1.33682e-11,,2.77737e-12,1.04364e-11,1.33682e-11,
Smooth exp(-Ar^2-b*rho^2),DCT+Bessel+IDCT; on padded grid    ,268,0.505,9.00118e+07,11.1097,8, 1.70136e-11,,3.12214e-12,1.11477e-11,1.70136e-11,
Smooth exp(-Ar^2-b*rho^2),DCT+Bessel+IDCT; on padded grid    ,272,0.411,5.81114e+07,17.2083,8, 1.6092e-11,,3.20748e-12,1.18233e-11,1.6092e-11,
Smooth exp(-Ar^2-b*rho^2),DCT+Bessel+IDCT; on padded grid    ,276,0.507,8.36149e+07,11.9596,8, 9.63278e-12,,3.05514e-12,6.56035e-12,9.63278e-12,
Smooth exp(-Ar^2-b*rho^2),DCT+Bessel+IDCT; on padded grid    ,280,0.54,5.1087e+07,19.5745,8, 1.37264e-11,,2.85011e-12,3.87847e-12,1.37264e-11,
Smooth exp(-Ar^2-b*rho^2),DCT+Bessel+IDCT; on padded grid    ,284,0.604,1.27516e+08,7.84214,8, 1.45532e-11,,2.45957e-12,4.27049e-12,1.45532e-11,
Smooth exp(-Ar^2-b*rho^2),DCT+Bessel+IDCT; on padded grid    ,288,0.366,7.12426e+07,14.0365,8, 1.72921e-11,,2.22923e-12,4.62478e-12,1.72921e-11,
Smooth exp(-Ar^2-b*rho^2),DCT+Bessel+IDCT; on padded grid    ,292,0.577,1.12813e+08,8.86419,8, 1.17884e-11,,1.99494e-12,4.93565e-12,1.17884e-11,
Smooth exp(-Ar^2-b*rho^2),DCT+Bessel+IDCT; on padded grid    ,296,0.442,8.23148e+07,12.1485,8, 1.12164e-11,,2.64158e-12,5.21428e-12,1.12164e-11,
Smooth exp(-Ar^2-b*rho^2),DCT+Bessel+IDCT; on padded grid    ,300,0.531,5.67838e+07,17.6107,8, 1.50634e-11,,3.01441e-12,5.45004e-12,1.50634e-11,
Smooth exp(-Ar^2-b*rho^2),DCT+Bessel+IDCT; on padded grid    ,304,0.502,9.86603e+07,10.1358,8, 1.51064e-11,,2.97081e-12,3.7517e-12,1.51064e-11,
Smooth exp(-Ar^2-b*rho^2),DCT+Bessel+IDCT; on padded grid    ,308,0.366,6.92606e+07,14.4382,8, 1.35389e-11,,2.85235e-12,4.50442e-12,1.35389e-11,
Smooth exp(-Ar^2-b*rho^2),DCT+Bessel+IDCT; on padded grid    ,312,0.428,8.3188e+07,12.021,8, 8.86544e-12,,2.68183e-12,5.26557e-12,8.86544e-12,
Smooth exp(-Ar^2-b*rho^2),DCT+Bessel+IDCT; on padded grid    ,316,0.674,1.36434e+08,7.32956,8, 1.25336e-11,,2.32564e-12,6.02672e-12,1.25336e-11,
Smooth exp(-Ar^2-b*rho^2),DCT+Bessel+IDCT; on padded grid    ,320,0.485,6.54328e+07,15.2829,8, 1.58882e-11,,2.12799e-12,6.78841e-12,1.58882e-11,
Smooth exp(-Ar^2-b*rho^2),DCT+Bessel+IDCT; on padded grid    ,324,0.363,9.22431e+07,10.8409,8, 1.49577e-11,,1.99652e-12,7.54516e-12,1.49577e-11,
Smooth exp(-Ar^2-b*rho^2),DCT+Bessel+IDCT; on padded grid    ,328,0.541,1.28416e+08,7.78721,8, 1.36386e-11,,2.50019e-12,8.28506e-12,1.36386e-11,
Smooth exp(-Ar^2-b*rho^2),DCT+Bessel+IDCT; on padded grid    ,332,0.781,1.57043e+08,6.36769,8, 1.00837e-11,,2.89664e-12,9.01324e-12,1.00837e-11,
Smooth exp(-Ar^2-b*rho^2),DCT+Bessel+IDCT; on padded grid    ,336,0.612,8.5242e+07,11.7313,8, 1.34697e-11,,2.87948e-12,9.72071e-12,1.34697e-11,
Smooth exp(-Ar^2-b*rho^2),DCT+Bessel+IDCT; on padded grid    ,340,0.647,9.2166e+07,10.85,8, 1.61112e-11,,2.78983e-12,1.04003e-11,1.61112e-11,
Smooth exp(-Ar^2-b*rho^2),DCT+Bessel+IDCT; on padded grid    ,344,0.588,1.18534e+08,8.43638,8, 1.66021e-11,,2.64949e-12,1.10584e-11,1.66021e-11,
Smooth exp(-Ar^2-b*rho^2),DCT+Bessel+IDCT; on padded grid    ,348,0.678,1.27704e+08,7.83062,8, 1.16885e-11,,2.32216e-12,1.16885e-11,1.07022e-11,
Smooth exp(-Ar^2-b*rho^2),DCT+Bessel+IDCT; on padded grid    ,352,0.49,9.71903e+07,10.2891,8, 1.40869e-11,,1.99408e-12,3.57428e-12,1.40869e-11,
Smooth exp(-Ar^2-b*rho^2),DCT+Bessel+IDCT; on padded grid    ,356,0.901,2.09541e+08,4.77234,8, 1.39191e-11,,1.8353e-12,3.60588e-12,1.39191e-11,
Smooth exp(-Ar^2-b*rho^2),DCT+Bessel+IDCT; on padded grid    ,360,0.715,1.02373e+08,9.7682,8, 1.56689e-11,,2.5161e-12,4.00322e-12,1.56689e-11,
Smooth exp(-Ar^2-b*rho^2),DCT+Bessel+IDCT; on padded grid    ,364,0.467,1.19304e+08,8.38193,8, 1.48722e-11,,2.77125e-12,4.3564e-12,1.48722e-11,
Smooth exp(-Ar^2-b*rho^2),DCT+Bessel+IDCT; on padded grid    ,368,0.633,1.26431e+08,7.90945,8, 1.16609e-11,,2.77721e-12,4.67863e-12,1.16609e-11,
Smooth exp(-Ar^2-b*rho^2),DCT+Bessel+IDCT; on padded grid    ,372,0.746,1.48199e+08,6.74768,8, 1.47326e-11,,2.71267e-12,4.95598e-12,1.47326e-11,
Smooth exp(-Ar^2-b*rho^2),DCT+Bessel+IDCT; on padded grid    ,376,0.701,1.65851e+08,6.02951,8, 1.37949e-11,,2.43798e-12,5.20713e-12,1.37949e-11,
Smooth exp(-Ar^2-b*rho^2),DCT+Bessel+IDCT; on padded grid    ,380,0.776,1.45954e+08,6.85145,8, 1.12557e-11,,2.13748e-12,5.41597e-12,1.12557e-11,
Smooth exp(-Ar^2-b*rho^2),DCT+Bessel+IDCT; on padded grid    ,384,0.538,1.03701e+08,9.64312,8, 1.06943e-11,,1.99468e-12,4.82518e-12,1.06943e-11,
Smooth exp(-Ar^2-b*rho^2),DCT+Bessel+IDCT; on padded grid    ,388,1.116,2.7705e+08,3.60946,8, 1.23696e-11,,1.83482e-12,5.51617e-12,1.23696e-11,
Smooth exp(-Ar^2-b*rho^2),DCT+Bessel+IDCT; on padded grid    ,392,0.433,1.24069e+08,8.06003,8, 1.49074e-11,,2.36759e-12,6.21338e-12,1.49074e-11,
Smooth exp(-Ar^2-b*rho^2),DCT+Bessel+IDCT; on padded grid    ,396,0.696,1.33677e+08,7.48074,8, 1.30366e-11,,2.64026e-12,6.92104e-12,1.30366e-11,
Smooth exp(-Ar^2-b*rho^2),DCT+Bessel+IDCT; on padded grid    ,400,0.553,1.2553e+08,7.96624,8, 9.77153e-12,,2.66648e-12,7.61331e-12,9.77153e-12,
Smooth exp(-Ar^2-b*rho^2),DCT+Bessel+IDCT; on padded grid    ,404,1.168,2.91472e+08,3.43087,8, 1.0035e-11,,2.62417e-12,8.30229e-12,1.0035e-11,
Smooth exp(-Ar^2-b*rho^2),DCT+Bessel+IDCT; on padded grid    ,408,0.997,1.6515e+08,6.0551,8, 1.27188e-11,,2.37248e-12,8.97843e-12,1.27188e-11,
Smooth exp(-Ar^2-b*rho^2),DCT+Bessel+IDCT; on padded grid    ,412,1.24,3.12203e+08,3.20304,8, 1.45302e-11,,2.09501e-12,9.63993e-12,1.45302e-11,
Smooth exp(-Ar^2-b*rho^2),DCT+Bessel+IDCT; on padded grid    ,416,0.653,1.41422e+08,7.07105,8, 1.16166e-11,,1.81524e-12,1.02825e-11,1.16166e-11,
Smooth exp(-Ar^2-b*rho^2),DCT+Bessel+IDCT; on padded grid    ,420,1.076,1.41681e+08,7.05811,8, 1.09021e-11,,1.67235e-12,1.09021e-11,1.07972e-11,
Smooth exp(-Ar^2-b*rho^2),DCT+Bessel+IDCT; on padded grid    ,424,0.942,2.37667e+08,4.20756,8, 1.35757e-11,,2.21699e-12,3.97766e-12,1.35757e-11,
Smooth exp(-Ar^2-b*rho^2),DCT+Bessel+IDCT; on padded grid    ,428,1.395,3.42569e+08,2.91912,8, 1.26089e-11,,2.50498e-12,4.20463e-12,1.26089e-11,
Smooth exp(-Ar^2-b*rho^2),DCT+Bessel+IDCT; on padded grid    ,432,0.608,1.51019e+08,6.62169,8, 1.62872e-11,,2.54905e-12,4.18146e-12,1.62872e-11,
Smooth exp(-Ar^2-b*rho^2),DCT+Bessel+IDCT; on padded grid    ,436,1.506,3.6373e+08,2.74929,8, 8.62587e-12,,2.52636e-12,4.40751e-12,8.62587e-12,
Smooth exp(-Ar^2-b*rho^2),DCT+Bessel+IDCT; on padded grid    ,440,0.796,1.50005e+08,6.66645,8, 1.12845e-11,,2.2953e-12,4.64877e-12,1.12845e-11,
Smooth exp(-Ar^2-b*rho^2),DCT+Bessel+IDCT; on padded grid    ,444,1.005,2.21506e+08,4.51455,8, 1.36947e-11,,2.03878e-12,4.88747e-12,1.36947e-11,
Smooth exp(-Ar^2-b*rho^2),DCT+Bessel+IDCT; on padded grid    ,448,0.622,1.53421e+08,6.518,8, 1.19617e-11,,1.77947e-12,5.13441e-12,1.19617e-11,
Smooth exp(-Ar^2-b*rho^2),DCT+Bessel+IDCT; on padded grid    ,452,1.577,4.11615e+08,2.42946,8, 9.14482e-12,,1.67142e-12,5.38501e-12,9.14482e-12,
Smooth exp(-Ar^2-b*rho^2),DCT+Bessel+IDCT; on padded grid    ,456,1.161,2.0506e+08,4.87663,8, 9.05283e-12,,2.22598e-12,5.18698e-12,9.05283e-12,
Smooth exp(-Ar^2-b*rho^2),DCT+Bessel+IDCT; on padded grid    ,460,0.971,2.18399e+08,4.57877,8, 1.15237e-11,,2.36623e-12,5.37915e-12,1.15237e-11,
Smooth exp(-Ar^2-b*rho^2),DCT+Bessel+IDCT; on padded grid    ,464,0.955,2.17182e+08,4.60444,8, 1.33651e-11,,2.42634e-12,5.66254e-12,1.33651e-11,
Smooth exp(-Ar^2-b*rho^2),DCT+Bessel+IDCT; on padded grid    ,468,0.838,1.62866e+08,6.14,8, 1.07265e-11,,2.42121e-12,6.29967e-12,1.07265e-11,
Smooth exp(-Ar^2-b*rho^2),DCT+Bessel+IDCT; on padded grid    ,472,1.192,3.01684e+08,3.31473,8, 6.95218e-12,,2.20881e-12,6.95218e-12,6.92994e-12,
Smooth exp(-Ar^2-b*rho^2),DCT+Bessel+IDCT; on padded grid    ,476,0.913,2.15272e+08,4.6453,8, 1.24387e-11,,1.97126e-12,7.60397e-12,1.24387e-11,
Smooth exp(-Ar^2-b*rho^2),DCT+Bessel+IDCT; on padded grid    ,480,0.887,1.7501e+08,5.71397,8, 1.14092e-11,,1.73053e-12,8.24788e-12,1.14092e-11,
Smooth exp(-Ar^2-b*rho^2),DCT+Bessel+IDCT; on padded grid    ,484,0.909,1.93177e+08,5.17661,8, 1.25146e-11,,1.66995e-12,8.88482e-12,1.25146e-11,
Smooth exp(-Ar^2-b*rho^2),DCT+Bessel+IDCT; on padded grid    ,488,1.267,3.23598e+08,3.09025,8, 9.97145e-12,,2.07225e-12,9.50601e-12,9.97145e-12,
Smooth exp(-Ar^2-b*rho^2),DCT+Bessel+IDCT; on padded grid    ,492,1.212,2.94829e+08,3.3918,8, 1.0237e-11,,2.38587e-12,1.01171e-11,1.0237e-11,
Smooth exp(-Ar^2-b*rho^2),DCT+Bessel+IDCT; on padded grid    ,496,1.094,2.61631e+08,3.82218,8, 1.24866e-11,,2.46037e-12,4.75594e-12,1.24866e-11,
Smooth exp(-Ar^2-b*rho^2),DCT+Bessel+IDCT; on padded grid    ,500,0.808,2.00119e+08,4.99703,8, 1.40538e-11,,2.31008e-12,4.995e-12,1.40538e-11,
Smooth exp(-Ar^2-b*rho^2),DCT+Bessel+IDCT; on padded grid    ,504,0.895,2.13637e+08,4.68083,8, 1.10967e-11,,2.11466e-12,5.23241e-12,1.10967e-11,
Smooth exp(-Ar^2-b*rho^2),DCT+Bessel+IDCT; on padded grid    ,508,1.5,5.38324e+08,1.85762,8, 9.50617e-12,,1.89411e-12,5.47056e-12,9.50617e-12,
Smooth exp(-Ar^2-b*rho^2),DCT+Bessel+IDCT; on padded grid    ,512,0.82,1.96135e+08,5.09852,8, 1.03509e-11,,1.67024e-12,5.69771e-12,1.03509e-11,
Smooth exp(-Ar^2-b*rho^2),DCT+Bessel+IDCT; on padded grid    ,516,1.346,3.06263e+08,3.26517,8, 1.21828e-11,,1.50663e-12,3.89972e-12,1.21828e-11,
Smooth exp(-Ar^2-b*rho^2),chebyshev interp; CPU Dense Matrix ,8,0.026,57637,17350,8, 0.692435,,0.670663,0.692435,0.677015,
Smooth exp(-Ar^2-b*rho^2),chebyshev interp; CPU Dense Matrix ,12,0.037,210001,4761.88,8, 0.239812,,0.239812,0.197559,0.204463,
Smooth exp(-Ar^2-b*rho^2),chebyshev interp; CPU Dense Matrix ,16,0.082,771310,1296.5,8, 0.0614392,,0.0597624,0.0614392,0.0583091,
Smooth exp(-Ar^2-b*rho^2),chebyshev interp; CPU Dense Matrix ,20,0.068,2.07478e+06,481.978,8, 0.011308,,0.0109348,0.0101213,0.011308,
Smooth exp(-Ar^2-b*rho^2),chebyshev interp; CPU Dense Matrix ,24,0.085,4.06902e+06,245.76,8, 0.0019714,,0.00177997,0.00171022,0.0019714,
Smooth exp(-Ar^2-b*rho^2),chebyshev interp; CPU Dense Matrix ,28,0.119,1.03217e+07,96.883,8, 0.00039512,,0.000199943,0.00039512,0.000261599,
Smooth exp(-Ar^2-b*rho^2),chebyshev interp; CPU Dense Matrix ,32,0.135,2.14222e+07,46.6805,8, 3.1775e-05,,1.50327e-05,2.78867e-05,3.1775e-05,
Smooth exp(-Ar^2-b*rho^2),chebyshev interp; CPU Dense Matrix ,36,0.205,2.74e+07,36.4964,8, 2.90858e-06,,5.99514e-07,2.90858e-06,2.6313e-06,
Smooth exp(-Ar^2-b*rho^2),chebyshev interp; CPU Dense Matrix ,40,0.321,5.02366e+07,19.9058,8, 3.63794e-07,,3.86566e-08,3.63794e-07,2.20994e-07,
Smooth exp(-Ar^2-b*rho^2),chebyshev interp; CPU Dense Matrix ,44,0.372,5.33155e+07,18.7563,8, 1.39764e-08,,5.11908e-09,1.25458e-08,1.39764e-08,
Smooth exp(-Ar^2-b*rho^2),chebyshev interp; CPU Dense Matrix ,48,0.49,8.58407e+07,11.6495,8, 1.11919e-09,,4.87089e-10,1.11919e-09,8.03418e-10,
Smooth exp(-Ar^2-b*rho^2),chebyshev interp; CPU Dense Matrix ,52,0.65,8.93758e+07,11.1887,8, 6.09446e-11,,3.16489e-11,6.09446e-11,3.77831e-11,
Smooth exp(-Ar^2-b*rho^2),chebyshev interp; CPU Dense Matrix ,56,0.758,1.65732e+08,6.03384,8, 2.47714e-11,,5.01307e-12,5.91335e-12,2.47714e-11,
Smooth exp(-Ar^2-b*rho^2),chebyshev interp; CPU Dense Matrix ,60,1.065,1.53419e+08,6.51809,8, 2.43016e-11,,4.31469e-12,5.09695e-12,2.43016e-11,
Smooth exp(-Ar^2-b*rho^2),chebyshev interp; CPU Dense Matrix ,64,1.213,2.929e+08,3.41414,8, 1.38933e-11,,3.7346e-12,5.32e-12,1.38933e-11,
Smooth exp(-Ar^2-b*rho^2),chebyshev interp; CPU Dense Matrix ,68,1.507,2.63423e+08,3.79618,8, 1.98057e-11,,3.75133e-12,7.00623e-12,1.98057e-11,
Smooth exp(-Ar^2-b*rho^2),chebyshev interp; CPU Dense Matrix ,72,1.877,4.74872e+08,2.10583,8, 2.31934e-11,,4.81429e-12,8.83527e-12,2.31934e-11,
Smooth exp(-Ar^2-b*rho^2),chebyshev interp; CPU Dense Matrix ,76,2.26,4.49573e+08,2.22433,8, 2.44752e-11,,5.08981e-12,1.07746e-11,2.44752e-11,
Smooth exp(-Ar^2-b*rho^2),chebyshev interp; CPU Dense Matrix ,80,2.647,7.99516e+08,1.25076,8, 1.50017e-11,,5.13577e-12,6.45249e-12,1.50017e-11,
Smooth exp(-Ar^2-b*rho^2),chebyshev interp; CPU Dense Matrix ,84,3.052,6.99402e+08,1.42979,8, 1.71119e-11,,4.83058e-12,7.86685e-12,1.71119e-11,
Smooth exp(-Ar^2-b*rho^2),chebyshev interp; CPU Dense Matrix ,88,3.688,1.1148e+09,0.897023,8, 2.14979e-11,,4.35993e-12,9.32819e-12,2.14979e-11,
Smooth exp(-Ar^2-b*rho^2),chebyshev interp; CPU Dense Matrix ,92,4.422,9.54904e+08,1.04723,8, 2.46853e-11,,3.90436e-12,1.08226e-11,2.46853e-11,
Smooth exp(-Ar^2-b*rho^2),chebyshev interp; CPU Dense Matrix ,96,4.785,1.57589e+09,0.634562,8, 2.20603e-11,,3.33478e-12,1.23374e-11,2.20603e-11,
Smooth exp(-Ar^2-b*rho^2),chebyshev interp; CPU Dense Matrix ,100,5.811,1.34977e+09,0.740865,8, 1.38536e-11,,3.28589e-12,1.38536e-11,1.37237e-11,
Smooth exp(-Ar^2-b*rho^2),chebyshev interp; CPU Dense Matrix ,104,7.028,2.18338e+09,0.458006,8, 1.94763e-11,,4.25833e-12,7.59375e-12,1.94763e-11,
Smooth exp(-Ar^2-b*rho^2),chebyshev interp; CPU Dense Matrix ,108,7.264,1.80913e+09,0.552752,8, 2.204e-11,,4.58873e-12,8.59521e-12,2.204e-11,
Smooth exp(-Ar^2-b*rho^2),chebyshev interp; CPU Dense Matrix ,112,9.703,2.91758e+09,0.34275,8, 2.24667e-11,,4.49585e-12,9.57659e-12,2.24667e-11,
Smooth exp(-Ar^2-b*rho^2),chebyshev interp; CPU Dense Matrix ,116,10.842,2.3667e+09,0.42253,8, 1.23981e-11,,4.33314e-12,1.05317e-11,1.23981e-11,
Smooth exp(-Ar^2-b*rho^2),chebyshev interp; CPU Dense Matrix ,120,10.123,3.82372e+09,0.261526,8, 1.7314e-11,,3.97483e-12,1.14524e-11,1.7314e-11,
Smooth exp(-Ar^2-b*rho^2),chebyshev interp; CPU Dense Matrix ,124,13.08,3.08108e+09,0.324562,8, 1.93832e-11,,3.61017e-12,1.23331e-11,1.93832e-11,
Smooth exp(-Ar^2-b*rho^2),linear interp; GPU Sparse Matrix   ,8,0.227,378338,2643.14,8, 0.484378,,0.484378,0.431963,0.429232,
Smooth exp(-Ar^2-b*rho^2),linear interp; GPU Sparse Matrix   ,12,0.018,84307,11861.4,8, 0.356146,,0.356146,0.253128,0.345279,
Smooth exp(-Ar^2-b*rho^2),linear interp; GPU Sparse Matrix   ,16,0.04,127211,7860.96,8, 0.226154,,0.226154,0.172341,0.177257,
Smooth exp(-Ar^2-b*rho^2),linear interp; GPU Sparse Matrix   ,20,0.044,164067,6095.07,8, 0.133817,,0.133817,0.0873799,0.106037,
Smooth exp(-Ar^2-b*rho^2),linear interp; GPU Sparse Matrix   ,24,0.056,174693,5724.33,8, 0.151253,,0.0725848,0.0748252,0.151253,
Smooth exp(-Ar^2-b*rho^2),linear interp; GPU Sparse Matrix   ,28,0.065,154396,6476.85,8, 0.140176,,0.0326052,0.0632784,0.140176,
Smooth exp(-Ar^2-b*rho^2),linear interp; GPU Sparse Matrix   ,32,0.059,149729,6678.73,8, 0.0664518,,0.00859651,0.0582343,0.0664518,
Smooth exp(-Ar^2-b*rho^2),linear interp; GPU Sparse Matrix   ,36,0.062,174356,5735.39,8, 0.0567508,,0.0567508,0.0515696,0.0382994,
Smooth exp(-Ar^2-b*rho^2),linear interp; GPU Sparse Matrix   ,40,0.119,214342,4665.44,8, 0.0590504,,0.0590504,0.0433342,0.0572677,
Smooth exp(-Ar^2-b*rho^2),linear interp; GPU Sparse Matrix   ,44,0.128,228839,4369.88,8, 0.0498321,,0.0498321,0.0397137,0.0363609,
Smooth exp(-Ar^2-b*rho^2),linear interp; GPU Sparse Matrix   ,48,0.227,253688,3941.85,8, 0.0479461,,0.0371243,0.0317729,0.0479461,
Smooth exp(-Ar^2-b*rho^2),linear interp; GPU Sparse Matrix   ,52,0.242,271090,3688.81,8, 0.0242294,,0.0242294,0.0209756,0.0171082,
Smooth exp(-Ar^2-b*rho^2),linear interp; GPU Sparse Matrix   ,56,0.329,320985,3115.41,8, 0.0279435,,0.0126459,0.0157086,0.0279435,
Smooth exp(-Ar^2-b*rho^2),linear interp; GPU Sparse Matrix   ,60,0.361,331547,3016.16,8, 0.030447,,0.00322269,0.0237876,0.030447,
Smooth exp(-Ar^2-b*rho^2),linear interp; GPU Sparse Matrix   ,64,0.428,356956,2801.47,8, 0.0432505,,0.00682585,0.0335824,0.0432505,
Smooth exp(-Ar^2-b*rho^2),linear interp; GPU Sparse Matrix   ,68,0.497,404145,2474.36,8, 0.0265041,,0.0169187,0.0265041,0.0160425,
Smooth exp(-Ar^2-b*rho^2),linear interp; GPU Sparse Matrix   ,72,0.67,428388,2334.33,8, 0.0208525,,0.0208525,0.0204293,0.0131264,
Smooth exp(-Ar^2-b*rho^2),linear interp; GPU Sparse Matrix   ,76,0.721,488031,2049.05,8, 0.0212107,,0.0186929,0.0148614,0.0212107,
Smooth exp(-Ar^2-b*rho^2),linear interp; GPU Sparse Matrix   ,80,0.868,529942,1887,8, 0.0146704,,0.0146704,0.0108375,0.00847181,
Smooth exp(-Ar^2-b*rho^2),linear interp; GPU Sparse Matrix   ,84,0.969,575927,1736.33,8, 0.0183917,,0.00990249,0.00739809,0.0183917,
Smooth exp(-Ar^2-b*rho^2),linear interp; GPU Sparse Matrix   ,88,1.072,653503,1530.21,8, 0.00670949,,0.00485488,0.0052814,0.00670949,
Smooth exp(-Ar^2-b*rho^2),linear interp; GPU Sparse Matrix   ,92,1.224,704407,1419.63,8, 0.013736,,0.00157267,0.0053001,0.013736,
Smooth exp(-Ar^2-b*rho^2),linear interp; GPU Sparse Matrix   ,96,1.407,784316,1275,8, 0.0122446,,0.00539787,0.00531133,0.0122446,
Smooth exp(-Ar^2-b*rho^2),linear interp; GPU Sparse Matrix   ,100,1.485,873409,1144.94,8, 0.020388,,0.00800949,0.00632537,0.020388,
Smooth exp(-Ar^2-b*rho^2),linear interp; GPU Sparse Matrix   ,104,1.635,958299,1043.52,8, 0.0106119,,0.0106119,0.00722809,0.00607009,
Smooth exp(-Ar^2-b*rho^2),linear interp; GPU Sparse Matrix   ,108,1.851,1.04823e+06,953.987,8, 0.010025,,0.010025,0.00762036,0.00807772,
Smooth exp(-Ar^2-b*rho^2),linear interp; GPU Sparse Matrix   ,112,2.155,1.13652e+06,879.883,8, 0.0115419,,0.00813691,0.00795508,0.0115419,
Smooth exp(-Ar^2-b*rho^2),linear interp; GPU Sparse Matrix   ,116,2.343,1.24112e+06,805.725,8, 0.008111,,0.0055584,0.008111,0.00591403,
Smooth exp(-Ar^2-b*rho^2),linear interp; GPU Sparse Matrix   ,120,2.58,1.36848e+06,730.739,8, 0.00909203,,0.0024263,0.00747252,0.00909203,
Smooth exp(-Ar^2-b*rho^2),linear interp; GPU Sparse Matrix   ,124,2.817,1.4892e+06,671.499,8, 0.00662682,,0.00115863,0.00662682,0.00360907,
Smooth exp(-Ar^2-b*rho^2),linear interp; GPU Sparse Matrix   ,128,3.049,1.64184e+06,609.072,8, 0.0086747,,0.00416343,0.00556,0.0086747,
Smooth exp(-Ar^2-b*rho^2),linear interp; GPU Sparse Matrix   ,132,3.442,1.81247e+06,551.734,8, 0.00620568,,0.00471148,0.00372077,0.00620568,
Smooth exp(-Ar^2-b*rho^2),linear interp; GPU Sparse Matrix   ,136,3.797,2.00917e+06,497.718,8, 0.0117794,,0.00662395,0.00270754,0.0117794,
Smooth exp(-Ar^2-b*rho^2),linear interp; GPU Sparse Matrix   ,140,3.968,2.1757e+06,459.623,8, 0.00641224,,0.00641224,0.00620466,0.00279317,
Smooth exp(-Ar^2-b*rho^2),linear interp; GPU Sparse Matrix   ,144,4.241,2.37635e+06,420.813,8, 0.00967928,,0.00525354,0.00967928,0.00567236,
Smooth exp(-Ar^2-b*rho^2),linear interp; GPU Sparse Matrix   ,148,4.668,2.61726e+06,382.079,8, 0.00770758,,0.00346458,0.00770758,0.00708273,
Smooth exp(-Ar^2-b*rho^2),linear interp; GPU Sparse Matrix   ,152,5.064,2.82e+06,354.61,8, 0.00891466,,0.00138536,0.00602933,0.00891466,
Smooth exp(-Ar^2-b*rho^2),linear interp; GPU Sparse Matrix   ,156,5.457,3.07732e+06,324.959,8, 0.00520161,,0.000924359,0.00453694,0.00520161,
Smooth exp(-Ar^2-b*rho^2),linear interp; GPU Sparse Matrix   ,160,5.822,3.30235e+06,302.815,8, 0.0033109,,0.00322789,0.0033109,0.00297571,
Smooth exp(-Ar^2-b*rho^2),linear interp; GPU Sparse Matrix   ,164,6.183,3.58403e+06,279.015,8, 0.00611439,,0.00312657,0.00235004,0.00611439,
Smooth exp(-Ar^2-b*rho^2),linear interp; GPU Sparse Matrix   ,168,6.683,3.83367e+06,260.847,8, 0.00454419,,0.00454419,0.00154511,0.00331062,
Smooth exp(-Ar^2-b*rho^2),linear interp; GPU Sparse Matrix   ,172,7.146,4.5431e+06,220.114,8, 0.00743838,,0.00448147,0.00147934,0.00743838,
Smooth exp(-Ar^2-b*rho^2),linear interp; GPU Sparse Matrix   ,176,7.783,4.7886e+06,208.829,8, 0.00366567,,0.00366567,0.00198125,0.00161243,
Smooth exp(-Ar^2-b*rho^2),linear interp; GPU Sparse Matrix   ,180,8.273,5.2019e+06,192.237,8, 0.00444354,,0.00242321,0.00249443,0.00444354,
Smooth exp(-Ar^2-b*rho^2),linear interp; GPU Sparse Matrix   ,184,8.763,5.50534e+06,181.642,8, 0.00483353,,0.000907696,0.00297781,0.00483353,
Smooth exp(-Ar^2-b*rho^2),linear interp; GPU Sparse Matrix   ,188,9.495,5.84717e+06,171.023,8, 0.0094091,,0.000796642,0.00328797,0.0094091,
Smooth exp(-Ar^2-b*rho^2),linear interp; GPU Sparse Matrix   ,192,9.941,6.16092e+06,162.313,8, 0.00339258,,0.00264849,0.00339258,0.00305807,
Smooth exp(-Ar^2-b*rho^2),linear interp; GPU Sparse Matrix   ,196,9.555,6.62959e+06,150.839,8, 0.00343183,,0.00220769,0.00343183,0.00253286,
Smooth exp(-Ar^2-b*rho^2),linear interp; GPU Sparse Matrix   ,200,11.337,6.9163e+06,144.586,8, 0.00456578,,0.00335848,0.00329582,0.00456578,
Smooth exp(-Ar^2-b*rho^2),linear interp; GPU Sparse Matrix   ,204,11.781,7.39877e+06,135.158,8, 0.00335941,,0.00335941,0.00294713,0.00157679,
Smooth exp(-Ar^2-b*rho^2),linear interp; GPU Sparse Matrix   ,208,13.149,7.7564e+06,128.926,8, 0.00495566,,0.00274872,0.00248547,0.00495566,
Smooth exp(-Ar^2-b*rho^2),linear interp; GPU Sparse Matrix   ,212,13.677,8.33492e+06,119.977,8, 0.0017909,,0.0017909,0.00168499,0.0010917,
Smooth exp(-Ar^2-b*rho^2),linear interp; GPU Sparse Matrix   ,216,14.11,8.7352e+06,114.479,8, 0.0035222,,0.000613014,0.000955071,0.0035222,
Smooth exp(-Ar^2-b*rho^2),linear interp; GPU Sparse Matrix   ,220,14.797,9.32142e+06,107.28,8, 0.00336947,,0.000744184,0.00307355,0.00336947,
Smooth exp(-Ar^2-b*rho^2),linear interp; GPU Sparse Matrix   ,224,15.77,9.7362e+06,102.709,8, 0.00665419,,0.00219914,0.0049726,0.00665419,
Smooth exp(-Ar^2-b*rho^2),linear interp; GPU Sparse Matrix   ,228,16.532,1.02764e+07,97.3107,8, 0.00401117,,0.00167446,0.00401117,0.0018732,
Smooth exp(-Ar^2-b*rho^2),linear interp; GPU Sparse Matrix   ,232,17.429,1.06571e+07,93.834,8, 0.00314816,,0.00261428,0.00314816,0.00224561,
Smooth exp(-Ar^2-b*rho^2),linear interp; GPU Sparse Matrix   ,236,19.873,1.12641e+07,88.7774,8, 0.00349508,,0.00260225,0.00234452,0.00349508,
Smooth exp(-Ar^2-b*rho^2),linear interp; GPU Sparse Matrix   ,240,19.325,1.19388e+07,83.7605,8, 0.00213274,,0.00213274,0.00163897,0.000850211,
Smooth exp(-Ar^2-b*rho^2),linear interp; GPU Sparse Matrix   ,244,19.771,1.25104e+07,79.9337,8, 0.003378,,0.00138725,0.00106292,0.003378,
Smooth exp(-Ar^2-b*rho^2),linear interp; GPU Sparse Matrix   ,248,21.503,1.31148e+07,76.25,8, 0.000885366,,0.000434357,0.000703351,0.000885366,
Smooth exp(-Ar^2-b*rho^2),linear interp; GPU Sparse Matrix   ,252,22.064,1.38927e+07,71.9804,8, 0.00293207,,0.000659191,0.000675137,0.00293207,
Smooth exp(-Ar^2-b*rho^2),linear interp; GPU Sparse Matrix   ,256,20.938,1.40624e+07,71.1118,8, 0.00237638,,0.00186122,0.00107226,0.00237638,
Smooth exp(-Ar^2-b*rho^2),linear interp; GPU Sparse Matrix   ,260,23.898,1.51059e+07,66.1995,8, 0.00484035,,0.00130407,0.00138222,0.00484035,
Smooth exp(-Ar^2-b*rho^2),linear interp; GPU Sparse Matrix   ,264,23.776,1.64538e+07,60.7762,8, 0.00207994,,0.00207994,0.0016472,0.00110254,
Smooth exp(-Ar^2-b*rho^2),linear interp; GPU Sparse Matrix   ,268,24.477,1.71365e+07,58.3548,8, 0.00209321,,0.00209321,0.00185468,0.00201282,
Smooth exp(-Ar^2-b*rho^2),linear interp; GPU Sparse Matrix   ,272,25.521,1.80421e+07,55.4258,8, 0.00277374,,0.00172974,0.00196507,0.00277374,
Smooth exp(-Ar^2-b*rho^2),linear interp; GPU Sparse Matrix   ,276,26.665,1.90923e+07,52.3772,8, 0.00201721,,0.00111561,0.00201721,0.00155219,
Smooth exp(-Ar^2-b*rho^2),linear interp; GPU Sparse Matrix   ,280,27.988,1.99217e+07,50.1965,8, 0.00234338,,0.000314508,0.00195824,0.00234338,
Smooth exp(-Ar^2-b*rho^2),linear interp; GPU Sparse Matrix   ,284,31.446,2.03189e+07,49.2153,8, 0.00175976,,0.000601654,0.00175976,0.000989926,
Smooth exp(-Ar^2-b*rho^2),linear interp; GPU Sparse Matrix   ,288,30.475,2.14519e+07,46.616,8, 0.00247151,,0.00160557,0.00146236,0.00247151,
Smooth exp(-Ar^2-b*rho^2),linear interp; GPU Sparse Matrix   ,292,31.579,2.29773e+07,43.5213,8, 0.0016306,,0.00104791,0.000983104,0.0016306,
Smooth exp(-Ar^2-b*rho^2),linear interp; GPU Sparse Matrix   ,296,33.112,2.38648e+07,41.9028,8, 0.00360139,,0.00171921,0.000533635,0.00360139,
Smooth exp(-Ar^2-b*rho^2),linear interp; GPU Sparse Matrix   ,300,35.162,2.52771e+07,39.5615,8, 0.00191001,,0.00173399,0.00191001,0.000656333,
Smooth exp(-Ar^2-b*rho^2),linear interp; GPU Sparse Matrix   ,304,35.719,2.61854e+07,38.1892,8, 0.00313521,,0.00142853,0.00313521,0.00182929,
Smooth exp(-Ar^2-b*rho^2),linear interp; GPU Sparse Matrix   ,308,38.352,2.7231e+07,36.7228,8, 0.00252009,,0.000901906,0.00252009,0.00221051,
Smooth exp(-Ar^2-b*rho^2),linear interp; GPU Sparse Matrix   ,312,38.973,2.86218e+07,34.9384,8, 0.00303899,,0.000234508,0.00197227,0.00303899,
Smooth exp(-Ar^2-b*rho^2),linear interp; GPU Sparse Matrix   ,316,39.863,2.97585e+07,33.6038,8, 0.00163646,,0.000536317,0.00146855,0.00163646,
Smooth exp(-Ar^2-b*rho^2),linear interp; GPU Sparse Matrix   ,320,42.385,3.0558e+07,32.7246,8, 0.001399,,0.001399,0.00102479,0.00100983,
Smooth exp(-Ar^2-b*rho^2),linear interp; GPU Sparse Matrix   ,324,43.706,3.24341e+07,30.8317,8, 0.00211316,,0.00086415,0.000667207,0.00211316,
Smooth exp(-Ar^2-b*rho^2),linear interp; GPU Sparse Matrix   ,328,45.315,3.35961e+07,29.7653,8, 0.00143662,,0.00143662,0.000439018,0.00102783,
Smooth exp(-Ar^2-b*rho^2),linear interp; GPU Sparse Matrix   ,332,48.098,3.53596e+07,28.2809,8, 0.0026989,,0.001459,0.000421885,0.0026989,
Smooth exp(-Ar^2-b*rho^2),linear interp; GPU Sparse Matrix   ,336,50.617,3.61636e+07,27.6521,8, 0.00119975,,0.00119975,0.000697379,0.000400496,
Smooth exp(-Ar^2-b*rho^2),linear interp; GPU Sparse Matrix   ,340,52.873,3.7721e+07,26.5104,8, 0.0016629,,0.000757957,0.000928916,0.0016629,
Smooth exp(-Ar^2-b*rho^2),linear interp; GPU Sparse Matrix   ,344,54.5,3.85175e+07,25.9622,8, 0.00177974,,0.000185582,0.00110184,0.00177974,
Smooth exp(-Ar^2-b*rho^2),linear interp; GPU Sparse Matrix   ,348,58.923,4.03399e+07,24.7893,8, 0.00374584,,0.000488962,0.00124229,0.00374584,
Smooth exp(-Ar^2-b*rho^2),linear interp; GPU Sparse Matrix   ,352,60.596,4.20481e+07,23.7823,8, 0.00132286,,0.00124317,0.00132286,0.00112791,
Smooth exp(-Ar^2-b*rho^2),linear interp; GPU Sparse Matrix   ,356,62.85,4.33621e+07,23.0616,8, 0.00134057,,0.000724247,0.00134057,0.00102714,
Smooth exp(-Ar^2-b*rho^2),linear interp; GPU Sparse Matrix   ,360,64.392,4.58647e+07,21.8033,8, 0.00181637,,0.00122808,0.00130406,0.00181637,
Smooth exp(-Ar^2-b*rho^2),linear interp; GPU Sparse Matrix   ,364,67.543,4.77067e+07,20.9614,8, 0.00125325,,0.00125325,0.00118734,0.00052113,
Smooth exp(-Ar^2-b*rho^2),linear interp; GPU Sparse Matrix   ,368,70.208,4.88981e+07,20.4507,8, 0.00204116,,0.00102834,0.000982635,0.00204116,
Smooth exp(-Ar^2-b*rho^2),linear interp; GPU Sparse Matrix   ,372,73.772,5.15179e+07,19.4107,8, 0.000662014,,0.000642645,0.000662014,0.000351433,
Smooth exp(-Ar^2-b*rho^2),linear interp; GPU Sparse Matrix   ,376,76.01,5.34202e+07,18.7195,8, 0.00150921,,0.000142542,0.000320422,0.00150921,
Smooth exp(-Ar^2-b*rho^2),linear interp; GPU Sparse Matrix   ,380,77.139,5.46266e+07,18.3061,8, 0.00140587,,0.000450086,0.00132294,0.00140587,
Smooth exp(-Ar^2-b*rho^2),linear interp; GPU Sparse Matrix   ,384,78.011,5.64371e+07,17.7189,8, 0.00295397,,0.00110649,0.00219347,0.00295397,
Smooth exp(-Ar^2-b*rho^2),linear interp; GPU Sparse Matrix   ,388,83.56,5.88908e+07,16.9806,8, 0.00177191,,0.000623331,0.00177191,0.000757667,
Smooth exp(-Ar^2-b*rho^2),linear interp; GPU Sparse Matrix   ,392,86.345,6.13163e+07,16.3089,8, 0.0013896,,0.00106342,0.0013896,0.00100645,
Smooth exp(-Ar^2-b*rho^2),linear interp; GPU Sparse Matrix   ,396,90.129,6.29624e+07,15.8825,8, 0.00156626,,0.0010847,0.00103611,0.00156626,
Smooth exp(-Ar^2-b*rho^2),linear interp; GPU Sparse Matrix   ,400,94.506,6.59114e+07,15.1719,8, 0.00089027,,0.00089027,0.000711983,0.000333525,
Smooth exp(-Ar^2-b*rho^2),linear interp; GPU Sparse Matrix   ,404,96.029,6.55624e+07,15.2526,8, 0.00154179,,0.000554203,0.000440682,0.00154179,
Smooth exp(-Ar^2-b*rho^2),linear interp; GPU Sparse Matrix   ,408,101.74,6.87222e+07,14.5513,8, 0.000414741,,0.000113153,0.000282638,0.000414741,
Smooth exp(-Ar^2-b*rho^2),linear interp; GPU Sparse Matrix   ,412,105.106,7.00028e+07,14.2851,8, 0.00137609,,0.000409484,0.000294212,0.00137609,
Smooth exp(-Ar^2-b*rho^2),linear interp; GPU Sparse Matrix   ,416,108.375,7.38587e+07,13.5394,8, 0.00108915,,0.000994551,0.000490268,0.00108915,
Smooth exp(-Ar^2-b*rho^2),linear interp; GPU Sparse Matrix   ,420,109.195,7.73934e+07,12.921,8, 0.00234137,,0.000535123,0.000662049,0.00234137,
Smooth exp(-Ar^2-b*rho^2),linear interp; GPU Sparse Matrix   ,424,112.495,7.82155e+07,12.7852,8, 0.000928082,,0.000928082,0.000794855,0.000492332,
Smooth exp(-Ar^2-b*rho^2),linear interp; GPU Sparse Matrix   ,428,118.375,7.89713e+07,12.6628,8, 0.000989589,,0.000954299,0.000902179,0.000989589,
Smooth exp(-Ar^2-b*rho^2),linear interp; GPU Sparse Matrix   ,432,118.725,8.31328e+07,12.0289,8, 0.0013496,,0.000784726,0.000966116,0.0013496,
Smooth exp(-Ar^2-b*rho^2),linear interp; GPU Sparse Matrix   ,436,135.99,8.70864e+07,11.4828,8, 0.000985456,,0.000485028,0.000985456,0.000775689,
Smooth exp(-Ar^2-b*rho^2),linear interp; GPU Sparse Matrix   ,440,132.386,9.1156e+07,10.9702,8, 0.00115099,,8.77456e-05,0.000961497,0.00115099,
Smooth exp(-Ar^2-b*rho^2),linear interp; GPU Sparse Matrix   ,444,132.862,9.40318e+07,10.6347,8, 0.000877824,,0.000378297,0.000877824,0.0004891,
Smooth exp(-Ar^2-b*rho^2),linear interp; GPU Sparse Matrix   ,448,130.906,9.68912e+07,10.3209,8, 0.00125194,,0.000902326,0.000717474,0.00125194,
Smooth exp(-Ar^2-b*rho^2),linear interp; GPU Sparse Matrix   ,452,140.381,9.82634e+07,10.1767,8, 0.000799818,,0.000468066,0.000472231,0.000799818,
Smooth exp(-Ar^2-b*rho^2),linear interp; GPU Sparse Matrix   ,456,155.96,1.02993e+08,9.70942,8, 0.00186321,,0.000824568,0.000239771,0.00186321,
Smooth exp(-Ar^2-b*rho^2),linear interp; GPU Sparse Matrix   ,460,156.662,1.3271e+08,7.5352,8, 0.000990467,,0.000846953,0.000990467,0.000294945,
Smooth exp(-Ar^2-b*rho^2),linear interp; GPU Sparse Matrix   ,464,152.28,1.15391e+08,8.66617,8, 0.00164858,,0.000692759,0.00164858,0.000954485,
Smooth exp(-Ar^2-b*rho^2),linear interp; GPU Sparse Matrix   ,468,163.703,1.17216e+08,8.53123,8, 0.00133021,,0.000423776,0.00133021,0.00114999,
Smooth exp(-Ar^2-b*rho^2),linear interp; GPU Sparse Matrix   ,472,171.496,1.26189e+08,7.92463,8, 0.00163213,,7.08764e-05,0.00103565,0.00163213,
Smooth exp(-Ar^2-b*rho^2),linear interp; GPU Sparse Matrix   ,476,180.585,1.28048e+08,7.80954,8, 0.000853809,,0.000347139,0.000769854,0.000853809,
Smooth exp(-Ar^2-b*rho^2),linear interp; GPU Sparse Matrix   ,480,174.789,1.58535e+08,6.30777,8, 0.000821827,,0.000821827,0.000528198,0.000542586,
Smooth exp(-Ar^2-b*rho^2),linear interp; GPU Sparse Matrix   ,484,187.987,1.49344e+08,6.69597,8, 0.00113543,,0.000412729,0.000326999,0.00113543,
Smooth exp(-Ar^2-b*rho^2),linear interp; GPU Sparse Matrix   ,488,184.69,1.46098e+08,6.84473,8, 0.000734809,,0.000734809,0.000202034,0.000530365,
Smooth exp(-Ar^2-b*rho^2),linear interp; GPU Sparse Matrix   ,492,204.785,1.51508e+08,6.6003,8, 0.00147848,,0.000755183,0.00022202,0.00147848,
Smooth exp(-Ar^2-b*rho^2),linear interp; GPU Sparse Matrix   ,496,208.419,1.62982e+08,6.13564,8, 0.000618968,,0.000618968,0.000371998,0.00020102,
Smooth exp(-Ar^2-b*rho^2),linear interp; GPU Sparse Matrix   ,500,219.696,1.7143e+08,5.83329,8, 0.000921359,,0.000378872,0.000508212,0.000921359,
Smooth exp(-Ar^2-b*rho^2),linear interp; GPU Sparse Matrix   ,504,221.071,1.78289e+08,5.60886,8, 0.000975827,,5.81156e-05,0.000610647,0.000975827,
Smooth exp(-Ar^2-b*rho^2),linear interp; GPU Sparse Matrix   ,508,220.914,1.77917e+08,5.6206,8, 0.00211903,,0.000323731,0.000691395,0.00211903,
Smooth exp(-Ar^2-b*rho^2),linear interp; GPU Sparse Matrix   ,512,212.918,1.77569e+08,5.63161,8, 0.000755619,,0.000755619,0.000742009,0.000616333,
Smooth exp(-Ar^2-b*rho^2),linear interp; GPU Sparse Matrix   ,516,227.302,1.99266e+08,5.01842,8, 0.000756911,,0.000367775,0.000756911,0.000578711,
Smooth exp(-Ar^2-b*rho^2),bicubic interp; GPU Sparse Matrix  ,8,0.172,664150,1505.68,8, 0.245828,,0.0392071,0.245828,0.205864,
Smooth exp(-Ar^2-b*rho^2),bicubic interp; GPU Sparse Matrix  ,12,0.056,245997,4065.09,8, 0.0586456,,0.0126693,0.0586456,0.0514305,
Smooth exp(-Ar^2-b*rho^2),bicubic interp; GPU Sparse Matrix  ,16,0.076,339699,2943.78,8, 0.0193905,,0.00899919,0.0159025,0.0193905,
Smooth exp(-Ar^2-b*rho^2),bicubic interp; GPU Sparse Matrix  ,20,0.119,452410,2210.38,8, 0.00567773,,0.00550951,0.0049656,0.00567773,
Smooth exp(-Ar^2-b*rho^2),bicubic interp; GPU Sparse Matrix  ,24,0.198,637162,1569.46,8, 0.002965,,0.002965,0.00178686,0.00105544,
Smooth exp(-Ar^2-b*rho^2),bicubic interp; GPU Sparse Matrix  ,28,0.288,6.18111e+06,161.783,8, 0.00144903,,0.00144903,0.000714873,0.000637616,
Smooth exp(-Ar^2-b*rho^2),bicubic interp; GPU Sparse Matrix  ,32,0.433,1.16123e+06,861.157,8, 0.000633744,,0.000633744,0.00031026,0.000526117,
Smooth exp(-Ar^2-b*rho^2),bicubic interp; GPU Sparse Matrix  ,36,0.756,1.14509e+06,873.295,8, 0.000302831,,0.000246881,0.000143485,0.000302831,
Smooth exp(-Ar^2-b*rho^2),bicubic interp; GPU Sparse Matrix  ,40,0.933,1.3566e+06,737.138,8, 0.000112498,,0.000112498,7.05117e-05,0.000106884,
Smooth exp(-Ar^2-b*rho^2),bicubic interp; GPU Sparse Matrix  ,44,1.292,1.77206e+06,564.316,8, 7.63503e-05,,7.63503e-05,4.77616e-05,5.71695e-05,
Smooth exp(-Ar^2-b*rho^2),bicubic interp; GPU Sparse Matrix  ,48,1.352,1.84978e+06,540.606,8, 6.65586e-05,,6.65586e-05,3.17894e-05,5.66148e-05,
Smooth exp(-Ar^2-b*rho^2),bicubic interp; GPU Sparse Matrix  ,52,1.895,2.0623e+06,484.895,8, 5.88226e-05,,5.88226e-05,2.20331e-05,4.92571e-05,
Smooth exp(-Ar^2-b*rho^2),bicubic interp; GPU Sparse Matrix  ,56,2.172,2.40564e+06,415.69,8, 4.80017e-05,,4.80017e-05,1.60513e-05,2.69847e-05,
Smooth exp(-Ar^2-b*rho^2),bicubic interp; GPU Sparse Matrix  ,60,2.531,2.85334e+06,350.467,8, 3.52337e-05,,3.52337e-05,1.20685e-05,1.27894e-05,
Smooth exp(-Ar^2-b*rho^2),bicubic interp; GPU Sparse Matrix  ,64,2.978,3.26881e+06,305.922,8, 2.2946e-05,,2.2946e-05,1.03376e-05,1.18131e-05,
Smooth exp(-Ar^2-b*rho^2),bicubic interp; GPU Sparse Matrix  ,68,3.588,3.62152e+06,276.127,8, 1.36715e-05,,1.36715e-05,8.78288e-06,1.28963e-05,
Smooth exp(-Ar^2-b*rho^2),bicubic interp; GPU Sparse Matrix  ,72,4.78,4.56017e+06,219.29,8, 9.70003e-06,,9.19614e-06,7.3662e-06,9.70003e-06,
Smooth exp(-Ar^2-b*rho^2),bicubic interp; GPU Sparse Matrix  ,76,5.419,4.7752e+06,209.415,8, 7.66304e-06,,7.66304e-06,6.12559e-06,4.69522e-06,
Smooth exp(-Ar^2-b*rho^2),bicubic interp; GPU Sparse Matrix  ,80,6.677,5.38485e+06,185.706,8, 7.21992e-06,,7.21992e-06,5.05965e-06,3.77809e-06,
Smooth exp(-Ar^2-b*rho^2),bicubic interp; GPU Sparse Matrix  ,84,7.266,5.74231e+06,174.146,8, 6.82136e-06,,6.82136e-06,4.15302e-06,4.39858e-06,
Smooth exp(-Ar^2-b*rho^2),bicubic interp; GPU Sparse Matrix  ,88,8.495,6.3989e+06,156.277,8, 6.067e-06,,6.067e-06,3.38713e-06,4.13897e-06,
Smooth exp(-Ar^2-b*rho^2),bicubic interp; GPU Sparse Matrix  ,92,9.818,7.15848e+06,139.694,8, 4.95465e-06,,4.95465e-06,2.74925e-06,2.59784e-06,
Smooth exp(-Ar^2-b*rho^2),bicubic interp; GPU Sparse Matrix  ,96,11.448,8.07178e+06,123.888,8, 3.68809e-06,,3.68809e-06,2.22687e-06,1.63217e-06,
Smooth exp(-Ar^2-b*rho^2),bicubic interp; GPU Sparse Matrix  ,100,11.341,9.03332e+06,110.701,8, 2.60626e-06,,2.60626e-06,1.78625e-06,1.66191e-06,
Smooth exp(-Ar^2-b*rho^2),bicubic interp; GPU Sparse Matrix  ,104,13.542,9.93206e+06,100.684,8, 2.03652e-06,,2.03652e-06,1.42012e-06,1.92356e-06,
Smooth exp(-Ar^2-b*rho^2),bicubic interp; GPU Sparse Matrix  ,108,16.121,1.10796e+07,90.2562,8, 1.83199e-06,,1.83199e-06,1.12034e-06,1.51733e-06,
Smooth exp(-Ar^2-b*rho^2),bicubic interp; GPU Sparse Matrix  ,112,18.151,1.20037e+07,83.3074,8, 1.77396e-06,,1.77396e-06,8.79363e-07,8.57712e-07,
Smooth exp(-Ar^2-b*rho^2),bicubic interp; GPU Sparse Matrix  ,116,19.193,1.29281e+07,77.3507,8, 1.70995e-06,,1.70995e-06,6.97624e-07,7.78917e-07,
Smooth exp(-Ar^2-b*rho^2),bicubic interp; GPU Sparse Matrix  ,120,22.347,1.44701e+07,69.1081,8, 1.56724e-06,,1.56724e-06,5.62554e-07,9.44695e-07,
Smooth exp(-Ar^2-b*rho^2),bicubic interp; GPU Sparse Matrix  ,124,21.742,1.52768e+07,65.4587,8, 1.33876e-06,,1.33876e-06,4.92644e-07,9.019e-07,
Smooth exp(-Ar^2-b*rho^2),bicubic interp; GPU Sparse Matrix  ,128,27.407,1.85184e+07,54.0005,8, 1.06364e-06,,1.06364e-06,4.34792e-07,5.95038e-07,
Smooth exp(-Ar^2-b*rho^2),bicubic interp; GPU Sparse Matrix  ,132,29.279,1.91727e+07,52.1575,8, 8.20552e-07,,8.20552e-07,3.84993e-07,4.33869e-07,
Smooth exp(-Ar^2-b*rho^2),bicubic interp; GPU Sparse Matrix  ,136,31.987,2.07417e+07,48.212,8, 6.90194e-07,,6.90194e-07,3.40637e-07,4.6631e-07,
Smooth exp(-Ar^2-b*rho^2),bicubic interp; GPU Sparse Matrix  ,140,32,2.43894e+07,41.0015,8, 6.44528e-07,,6.44528e-07,3.03946e-07,5.37246e-07,
Smooth exp(-Ar^2-b*rho^2),bicubic interp; GPU Sparse Matrix  ,144,34.55,2.47064e+07,40.4754,8, 6.32844e-07,,6.32844e-07,2.92593e-07,4.25659e-07,
Smooth exp(-Ar^2-b*rho^2),bicubic interp; GPU Sparse Matrix  ,148,39.1,2.70089e+07,37.0249,8, 6.16011e-07,,6.16011e-07,2.83386e-07,2.71144e-07,
Smooth exp(-Ar^2-b*rho^2),bicubic interp; GPU Sparse Matrix  ,152,43.636,2.91054e+07,34.3578,8, 5.73418e-07,,5.73418e-07,2.72174e-07,2.5662e-07,
Smooth exp(-Ar^2-b*rho^2),bicubic interp; GPU Sparse Matrix  ,156,44.736,4.11392e+07,24.3077,8, 5.02377e-07,,5.02377e-07,2.5923e-07,3.16693e-07,
Smooth exp(-Ar^2-b*rho^2),bicubic interp; GPU Sparse Matrix  ,160,49.373,3.36711e+07,29.6991,8, 4.14964e-07,,4.14964e-07,2.43728e-07,2.98598e-07,
Smooth exp(-Ar^2-b*rho^2),bicubic interp; GPU Sparse Matrix  ,164,53.947,3.84796e+07,25.9878,8, 3.37341e-07,,3.37341e-07,2.26043e-07,2.02161e-07,
Smooth exp(-Ar^2-b*rho^2),bicubic interp; GPU Sparse Matrix  ,168,58.362,4.62417e+07,21.6255,8, 2.96056e-07,,2.96056e-07,2.06816e-07,1.61999e-07,
Smooth exp(-Ar^2-b*rho^2),bicubic interp; GPU Sparse Matrix  ,172,62.129,4.37951e+07,22.8336,8, 2.82483e-07,,2.82483e-07,1.86644e-07,1.8239e-07,
Smooth exp(-Ar^2-b*rho^2),bicubic interp; GPU Sparse Matrix  ,176,68.56,5.57605e+07,17.9338,8, 2.79699e-07,,2.79699e-07,1.6637e-07,2.04575e-07,
Smooth exp(-Ar^2-b*rho^2),bicubic interp; GPU Sparse Matrix  ,180,74.322,5.05406e+07,19.7861,8, 2.73922e-07,,2.73922e-07,1.46592e-07,1.61162e-07,
Smooth exp(-Ar^2-b*rho^2),bicubic interp; GPU Sparse Matrix  ,184,78.984,5.3599e+07,18.6571,8, 2.57511e-07,,2.57511e-07,1.27846e-07,1.1139e-07,
Smooth exp(-Ar^2-b*rho^2),bicubic interp; GPU Sparse Matrix  ,188,84.217,5.66087e+07,17.6651,8, 2.29404e-07,,2.29404e-07,1.10605e-07,1.09217e-07,
Smooth exp(-Ar^2-b*rho^2),bicubic interp; GPU Sparse Matrix  ,192,92.479,5.9718e+07,16.7454,8, 1.94495e-07,,1.94495e-07,9.51885e-08,1.35266e-07,
Smooth exp(-Ar^2-b*rho^2),bicubic interp; GPU Sparse Matrix  ,196,97.553,6.34101e+07,15.7704,8, 1.63662e-07,,1.63662e-07,8.18556e-08,1.25224e-07,
Smooth exp(-Ar^2-b*rho^2),bicubic interp; GPU Sparse Matrix  ,200,106.841,6.77932e+07,14.7508,8, 1.47588e-07,,1.47588e-07,7.11429e-08,8.65953e-08,
Smooth exp(-Ar^2-b*rho^2),bicubic interp; GPU Sparse Matrix  ,204,113.446,7.13251e+07,14.0203,8, 1.42769e-07,,1.42769e-07,6.39153e-08,7.40019e-08,
Smooth exp(-Ar^2-b*rho^2),bicubic interp; GPU Sparse Matrix  ,208,121.348,9.65681e+07,10.3554,8, 1.42151e-07,,1.42151e-07,5.92721e-08,8.62481e-08,
Smooth exp(-Ar^2-b*rho^2),bicubic interp; GPU Sparse Matrix  ,212,129.291,7.81272e+07,12.7996,8, 1.39809e-07,,1.39809e-07,5.49775e-08,9.37685e-08,
Smooth exp(-Ar^2-b*rho^2),bicubic interp; GPU Sparse Matrix  ,216,138.668,1.94867e+08,5.1317,8, 1.32362e-07,,1.32362e-07,5.11205e-08,7.35069e-08,
Smooth exp(-Ar^2-b*rho^2),bicubic interp; GPU Sparse Matrix  ,220,147.775,9.12361e+07,10.9606,8, 1.19346e-07,,1.19346e-07,4.82872e-08,5.40852e-08,
Smooth exp(-Ar^2-b*rho^2),bicubic interp; GPU Sparse Matrix  ,224,154.949,9.18087e+07,10.8922,8, 1.03108e-07,,1.03108e-07,4.78441e-08,5.48747e-08,
Smooth exp(-Ar^2-b*rho^2),bicubic interp; GPU Sparse Matrix  ,228,197.182,9.82412e+07,10.179,8, 8.89005e-08,,8.89005e-08,4.75662e-08,6.72392e-08,
Smooth exp(-Ar^2-b*rho^2),bicubic interp; GPU Sparse Matrix  ,232,222.56,1.03623e+08,9.6504,8, 8.16801e-08,,8.16801e-08,4.70994e-08,6.10043e-08,
Smooth exp(-Ar^2-b*rho^2),bicubic interp; GPU Sparse Matrix  ,236,209.839,1.09694e+08,9.11627,8, 7.97583e-08,,7.97583e-08,4.61886e-08,4.29371e-08,
Smooth exp(-Ar^2-b*rho^2),bicubic interp; GPU Sparse Matrix  ,240,218.937,1.14083e+08,8.76557,8, 7.9725e-08,,7.9725e-08,4.47671e-08,3.86378e-08,
Smooth exp(-Ar^2-b*rho^2),bicubic interp; GPU Sparse Matrix  ,244,286.99,1.22508e+08,8.16272,8, 7.86618e-08,,7.86618e-08,4.29263e-08,4.61945e-08,
Smooth exp(-Ar^2-b*rho^2),bicubic interp; GPU Sparse Matrix  ,248,300.681,3.05917e+08,3.26886,8, 7.48734e-08,,7.48734e-08,4.06923e-08,4.8781e-08,
Smooth exp(-Ar^2-b*rho^2),bicubic interp; GPU Sparse Matrix  ,252,227.997,1.57267e+08,6.35862,8, 6.81374e-08,,6.81374e-08,3.79322e-08,3.79135e-08,
Smooth exp(-Ar^2-b*rho^2),bicubic interp; GPU Sparse Matrix  ,256,275.487,2.31301e+08,4.32337,8, 5.9714e-08,,5.9714e-08,3.49334e-08,2.93179e-08,
Smooth exp(-Ar^2-b*rho^2),bicubic interp; GPU Sparse Matrix  ,260,490.154,1.51697e+08,6.59208,8, 5.24255e-08,,5.24255e-08,3.19013e-08,3.09236e-08,
Smooth exp(-Ar^2-b*rho^2),bicubic interp; GPU Sparse Matrix  ,264,481.926,3.24563e+08,3.08106,8, 4.88241e-08,,4.88241e-08,2.89396e-08,3.70444e-08,
Smooth exp(-Ar^2-b*rho^2),bicubic interp; GPU Sparse Matrix  ,268,451.934,1.64955e+08,6.06225,8, 4.79973e-08,,4.79973e-08,2.60791e-08,3.30658e-08,
Smooth exp(-Ar^2-b*rho^2),bicubic interp; GPU Sparse Matrix  ,272,444.791,1.70951e+08,5.84964,8, 4.81149e-08,,4.81149e-08,2.32374e-08,2.38063e-08,
Smooth exp(-Ar^2-b*rho^2),bicubic interp; GPU Sparse Matrix  ,276,446.014,3.72528e+08,2.68436,8, 4.75906e-08,,4.75906e-08,2.06883e-08,2.22241e-08,
Smooth exp(-Ar^2-b*rho^2),bicubic interp; GPU Sparse Matrix  ,280,781.444,1.86092e+08,5.37367,8, 4.54939e-08,,4.54939e-08,1.85659e-08,2.69599e-08,
Smooth exp(-Ar^2-b*rho^2),bicubic interp; GPU Sparse Matrix  ,284,788.586,4.14185e+08,2.41438,8, 4.17062e-08,,4.17062e-08,1.69403e-08,2.75939e-08,
Smooth exp(-Ar^2-b*rho^2),bicubic interp; GPU Sparse Matrix  ,288,401.18,2.50459e+08,3.99268,8, 3.69667e-08,,3.69667e-08,1.58335e-08,2.13129e-08,
Smooth exp(-Ar^2-b*rho^2),bicubic interp; GPU Sparse Matrix  ,292,427.389,2.19846e+08,4.54863,8, 3.29089e-08,,3.29089e-08,1.50458e-08,1.74039e-08,
Smooth exp(-Ar^2-b*rho^2),bicubic interp; GPU Sparse Matrix  ,296,438.326,2.49555e+08,4.00714,8, 3.09627e-08,,3.09627e-08,1.42933e-08,1.90905e-08,
Smooth exp(-Ar^2-b*rho^2),bicubic interp; GPU Sparse Matrix  ,300,434.478,2.3484e+08,4.25822,8, 3.0592e-08,,3.0592e-08,1.40408e-08,2.20999e-08,
Smooth exp(-Ar^2-b*rho^2),chebyshev interp; GPU Dense Matrix ,8,0.228,202873,4929.19,8, 0.692435,,0.670663,0.692435,0.677015,
Smooth exp(-Ar^2-b*rho^2),chebyshev interp; GPU Dense Matrix ,12,0.071,201559,4961.33,8, 0.239812,,0.239812,0.197559,0.204463,
Smooth exp(-Ar^2-b*rho^2),chebyshev interp; GPU Dense Matrix ,16,0.092,221883,4506.88,8, 0.0614392,,0.0597624,0.0614392,0.0583091,
Smooth exp(-Ar^2-b*rho^2),chebyshev interp; GPU Dense Matrix ,20,0.11,290648,3440.59,8, 0.011308,,0.0109348,0.0101213,0.011308,
Smooth exp(-Ar^2-b*rho^2),chebyshev interp; GPU Dense Matrix ,24,0.092,294138,3399.76,8, 0.0019714,,0.00177997,0.00171022,0.0019714,
Smooth exp(-Ar^2-b*rho^2),chebyshev interp; GPU Dense Matrix ,28,0.1,279642,3576,8, 0.00039512,,0.000199943,0.00039512,0.000261599,
Smooth exp(-Ar^2-b*rho^2),chebyshev interp; GPU Dense Matrix ,32,0.135,576241,1735.39,8, 3.1775e-05,,1.50327e-05,2.78867e-05,3.1775e-05,
Smooth exp(-Ar^2-b*rho^2),chebyshev interp; GPU Dense Matrix ,36,0.26,557795,1792.77,8, 2.90858e-06,,5.99514e-07,2.90858e-06,2.6313e-06,
Smooth exp(-Ar^2-b*rho^2),chebyshev interp; GPU Dense Matrix ,40,0.408,656637,1522.91,8, 3.63794e-07,,3.86566e-08,3.63794e-07,2.20994e-07,
Smooth exp(-Ar^2-b*rho^2),chebyshev interp; GPU Dense Matrix ,44,0.541,962673,1038.77,8, 1.39764e-08,,5.11908e-09,1.25458e-08,1.39764e-08,
Smooth exp(-Ar^2-b*rho^2),chebyshev interp; GPU Dense Matrix ,48,0.661,1.19813e+06,834.632,8, 1.11919e-09,,4.8709e-10,1.11919e-09,8.03417e-10,
Smooth exp(-Ar^2-b*rho^2),chebyshev interp; GPU Dense Matrix ,52,0.828,1.34132e+06,745.535,8, 6.09443e-11,,3.16497e-11,6.09443e-11,3.77829e-11,
Smooth exp(-Ar^2-b*rho^2),chebyshev interp; GPU Dense Matrix ,56,0.962,1.61826e+06,617.948,8, 2.47713e-11,,5.01311e-12,5.91326e-12,2.47713e-11,
Smooth exp(-Ar^2-b*rho^2),chebyshev interp; GPU Dense Matrix ,60,1.427,2.41547e+06,413.998,8, 2.43016e-11,,4.3147e-12,5.09714e-12,2.43016e-11,
Smooth exp(-Ar^2-b*rho^2),chebyshev interp; GPU Dense Matrix ,64,2.112,2.40484e+06,415.827,8, 1.38932e-11,,3.73456e-12,5.31991e-12,1.38932e-11,
Smooth exp(-Ar^2-b*rho^2),chebyshev interp; GPU Dense Matrix ,68,2.254,3.64301e+06,274.498,8, 1.98055e-11,,3.75132e-12,7.00677e-12,1.98055e-11,
Smooth exp(-Ar^2-b*rho^2),chebyshev interp; GPU Dense Matrix ,72,3.033,4.418e+06,226.347,8, 2.31933e-11,,4.81423e-12,8.83527e-12,2.31933e-11,
Smooth exp(-Ar^2-b*rho^2),chebyshev interp; GPU Dense Matrix ,76,3.568,4.38473e+06,228.064,8, 2.44753e-11,,5.0898e-12,1.07746e-11,2.44753e-11,
Smooth exp(-Ar^2-b*rho^2),chebyshev interp; GPU Dense Matrix ,80,4.132,6.34176e+06,157.685,8, 1.50018e-11,,5.13572e-12,6.45267e-12,1.50018e-11,
Smooth exp(-Ar^2-b*rho^2),chebyshev interp; GPU Dense Matrix ,84,5.363,7.65981e+06,130.552,8, 1.71119e-11,,4.83057e-12,7.86703e-12,1.71119e-11,
Smooth exp(-Ar^2-b*rho^2),chebyshev interp; GPU Dense Matrix ,88,6.276,7.81064e+06,128.03,8, 2.14978e-11,,4.35995e-12,9.32764e-12,2.14978e-11,
Smooth exp(-Ar^2-b*rho^2),chebyshev interp; GPU Dense Matrix ,92,7.615,8.78721e+06,113.802,8, 2.46853e-11,,3.90436e-12,1.08225e-11,2.46853e-11,
Smooth exp(-Ar^2-b*rho^2),chebyshev interp; GPU Dense Matrix ,96,10.261,1.05767e+07,94.5475,8, 2.20603e-11,,3.33476e-12,1.23374e-11,2.20603e-11,
Smooth exp(-Ar^2-b*rho^2),chebyshev interp; GPU Dense Matrix ,100,9.992,1.15981e+07,86.221,8, 1.38536e-11,,3.28585e-12,1.38536e-11,1.37238e-11,
Smooth exp(-Ar^2-b*rho^2),chebyshev interp; GPU Dense Matrix ,104,12.234,1.60318e+07,62.3759,8, 1.94764e-11,,4.25831e-12,7.59393e-12,1.94764e-11,
Smooth exp(-Ar^2-b*rho^2),chebyshev interp; GPU Dense Matrix ,108,13.966,1.85773e+07,53.8292,8, 2.20403e-11,,4.58876e-12,8.59502e-12,2.20403e-11,
Smooth exp(-Ar^2-b*rho^2),chebyshev interp; GPU Dense Matrix ,112,15.829,1.8586e+07,53.8039,8, 2.24667e-11,,4.49587e-12,9.5764e-12,2.24667e-11,
Smooth exp(-Ar^2-b*rho^2),chebyshev interp; GPU Dense Matrix ,116,19.966,2.094e+07,47.7555,8, 1.2398e-11,,4.33317e-12,1.05319e-11,1.2398e-11,
Smooth exp(-Ar^2-b*rho^2),chebyshev interp; GPU Dense Matrix ,120,22.725,2.35435e+07,42.4746,8, 1.7314e-11,,3.97483e-12,1.14526e-11,1.7314e-11,
Smooth exp(-Ar^2-b*rho^2),chebyshev interp; GPU Dense Matrix ,124,26.971,2.76203e+07,36.2052,8, 1.93832e-11,,3.61013e-12,1.23338e-11,1.93832e-11,
